{
    "core" : [
        {
            "name" : "Soopy452000",
            "title" : "Lead Developer",
            "profile" : "https://bitcointalk.org/index.php?action=profile;u=158610"
        },
        {
            "name" : "Craig MacGregor",
            "alias" : "Pakage",
            "title" : "Senior Developer",
            "picture" : "",
            "profile" : "https://bitcointalk.org/index.php?action=profile;u=354673"
        },
        {
            "name" : "Shahim",
            "title" : "Systems Engineer",
            "profile" : "https://bitcointalk.org/index.php?action=profile;u=218228"
        },
        {
            "name" : "Strugg",
            "title" : "Community Manager",
            "profile" : "https://bitcointalk.org/index.php?action=profile;u=312847"
        },
        {
            "name" : "Sophia Lees",
            "title" : "Public Relations"
        }        
    ],
    "community" : [
        {
            "name" : "Wasada",
            "title" : "Investor",
            "profile" : "https://bitcointalk.org/index.php?action=profile;u=337424"
        },
        {
            "name" : "gorian",
            "title" : "Investor",
            "profile" : "https://bitcointalk.org/index.php?action=profile;u=356097"
        },
        {
            "name" : "icekohl",
            "title" : "Investor",
            "profile" : "https://bitcointalk.org/index.php?action=profile;u=314891"
        },
        {
            "name" : "hashforce101",
            "title" : "Investor",
            "profile" : "https://bitcointalk.org/index.php?action=profile;u=355634"
        },
        {
            "name" : "hashmaster1",
            "title" : "Investor",
            "profile" : "https://bitcointalk.org/index.php?action=profile;u=140438"
        },
        {
            "name" : "navtalk",
            "title" : "Investor",
            "profile" : "https://bitcointalk.org/index.php?action=profile;u=412482"
        },
        {
            "name" : "juguelio",
            "title" : "Investor",
            "profile" : "https://bitcointalk.org/index.php?action=profile;u=316131"
        },
        {
            "name" : "robb79",
            "title" : "Investor",
            "profile" : "https://bitcointalk.org/index.php?action=profile;u=341173"
        },
        {
            "name" : "bocyaj",
            "title" : "Investor",
            "profile" : "https://bitcointalk.org/index.php?action=profile;u=215860"
        },
        {
            "name" : "monkeygang",
            "title" : "Investor",
            "profile" : "https://bitcointalk.org/index.php?action=profile;u=388614"
        },
        {
            "name" : "ramtony",
            "title" : "Investor",
            "profile" : "https://bitcointalk.org/index.php?action=profile;u=328001"
        },
        {
            "name" : "chemal",
            "title" : "Investor",
            "profile" : "https://bitcointalk.org/index.php?action=profile;u=326648"
        },
        {
            "name" : "Cryptojon",
            "title" : "Investor",
            "profile" : "https://bitcointalk.org/index.php?action=profile;u=261483"
        },
        {
            "name" : "hennessj",
            "title" : "Investor",
            "profile" : "https://bitcointalk.org/index.php?action=profile;u=448242"
        },
        {
            "name" : "cienki7",
            "title" : "Investor",
            "profile" : "https://bitcointalk.org/index.php?action=profile;u=178327"
        },
        {
            "name" : "barbmc193",
            "title" : "Investor",
            "profile" : "https://bitcointalk.org/index.php?action=profile;u=303610"
        },
        {
            "name" : "quovadiz",
            "title" : "Investor",
            "profile" : "https://bitcointalk.org/index.php?action=profile;u=259420"
        },
        {
            "name" : "skidog",
            "title" : "Investor",
            "profile" : "https://bitcointalk.org/index.php?action=profile;u=185019"
        },
        {
            "name" : "Banger42",
            "title" : "Investor",
            "profile" : "https://bitcointalk.org/index.php?action=profile;u=306647"
        },
        {
            "name" : "spatula",
            "title" : "Investor",
            "profile" : "https://bitcointalk.org/index.php?action=profile;u=232968"
        },
        {
            "name" : "xmcn",
            "title" : "Investor",
            "profile" : "https://bitcointalk.org/index.php?action=profile;u=326450"
        },
        {
            "name" : "bcd",
            "title" : "Investor",
            "profile" : "https://bitcointalk.org/index.php?action=profile;u=165313"
        },
        {
            "name" : "MacHead2006",
            "title" : "Investor",
            "profile" : "https://bitcointalk.org/index.php?action=profile;u=246845"
        },
        {
            "name" : "yuio",
            "title" : "Investor",
            "profile" : "https://bitcointalk.org/index.php?action=profile;u=330624"
        },
        {
            "name" : "gpuminer",
            "title" : "Investor",
            "profile" : "https://bitcointalk.org/index.php?action=profile;u=253480"
        },
        {
            "name" : "paycum",
            "title" : "Investor",
            "profile" : "https://bitcointalk.org/index.php?action=profile;u=351401"
        }
    ]
}
